<?xml version="1.0" encoding="UTF-8"?>

<Model quotesql="1" tablecharset="" mysql_version="504" mssql_version="2005" derby_version="106" ingres_version="9">
  <Entity name="User" PKClustered="0">
    <Column name="ID">
      <PrimaryKey>true</PrimaryKey>
      <ForeignKey>false</ForeignKey>
      <Type>9</Type>
      <Length>10</Length>
      <Nullable>false</Nullable>
      <IDGenerator>native</IDGenerator>
      <Unique>false</Unique>
      <Index>false</Index>
      <UserTypes/>
    </Column>
    <Column name="UserID2">
      <PrimaryKey>false</PrimaryKey>
      <ForeignKey>true</ForeignKey>
      <ReferencedColumn>BusinessLogic.Accounting.User.User.ID</ReferencedColumn>
      <Type>9</Type>
      <Length>10</Length>
      <Nullable>true</Nullable>
      <IDGenerator>native</IDGenerator>
      <Unique>false</Unique>
      <Index>false</Index>
      <UserTypes/>
    </Column>
    <Column name="UserID">
      <PrimaryKey>false</PrimaryKey>
      <ForeignKey>true</ForeignKey>
      <ReferencedColumn>BusinessLogic.Accounting.User.User.ID</ReferencedColumn>
      <Type>9</Type>
      <Length>10</Length>
      <Nullable>true</Nullable>
      <IDGenerator>native</IDGenerator>
      <Unique>false</Unique>
      <Index>false</Index>
      <UserTypes/>
    </Column>
    <Column name="Username">
      <PrimaryKey>false</PrimaryKey>
      <ForeignKey>false</ForeignKey>
      <Type>27</Type>
      <Length>255</Length>
      <Nullable>true</Nullable>
      <IDGenerator>native</IDGenerator>
      <Unique>false</Unique>
      <Index>false</Index>
      <UserTypes/>
    </Column>
    <Column name="Password">
      <PrimaryKey>false</PrimaryKey>
      <ForeignKey>false</ForeignKey>
      <Type>27</Type>
      <Length>255</Length>
      <Nullable>true</Nullable>
      <IDGenerator>native</IDGenerator>
      <Unique>false</Unique>
      <Index>false</Index>
      <UserTypes/>
    </Column>
    <Column name="Email">
      <PrimaryKey>false</PrimaryKey>
      <ForeignKey>false</ForeignKey>
      <Type>27</Type>
      <Length>255</Length>
      <Nullable>true</Nullable>
      <IDGenerator>native</IDGenerator>
      <Unique>false</Unique>
      <Index>false</Index>
      <UserTypes/>
    </Column>
    <Column name="Approved">
      <PrimaryKey>false</PrimaryKey>
      <ForeignKey>false</ForeignKey>
      <Type>1</Type>
      <Length>0</Length>
      <Nullable>false</Nullable>
      <IDGenerator>native</IDGenerator>
      <Unique>false</Unique>
      <Index>false</Index>
      <UserTypes/>
    </Column>
    <Column name="CreatorUser">
      <PrimaryKey>false</PrimaryKey>
      <ForeignKey>false</ForeignKey>
      <Type>9</Type>
      <Length>10</Length>
      <Nullable>true</Nullable>
      <IDGenerator>native</IDGenerator>
      <Unique>false</Unique>
      <Index>false</Index>
      <UserTypes/>
    </Column>
    <Column name="Discriminator">
      <PrimaryKey>false</PrimaryKey>
      <ForeignKey>false</ForeignKey>
      <Type>27</Type>
      <Length>255</Length>
      <Nullable>false</Nullable>
      <IDGenerator>native</IDGenerator>
      <Unique>false</Unique>
      <Index>false</Index>
      <UserTypes/>
    </Column>
  </Entity>
  <Entity name="User_jobs" PKClustered="0">
    <Column name="UserID">
      <PrimaryKey>true</PrimaryKey>
      <ForeignKey>true</ForeignKey>
      <ReferencedColumn>BusinessLogic.Accounting.User.User.ID</ReferencedColumn>
      <Type>9</Type>
      <Length>10</Length>
      <Nullable>false</Nullable>
      <IDGenerator>assigned</IDGenerator>
      <Unique>false</Unique>
      <Index>false</Index>
      <UserTypes/>
    </Column>
    <Column name="UserIndex">
      <PrimaryKey>true</PrimaryKey>
      <ForeignKey>false</ForeignKey>
      <Type>9</Type>
      <Length>10</Length>
      <Nullable>true</Nullable>
      <IDGenerator>assigned</IDGenerator>
      <Unique>false</Unique>
      <Index>false</Index>
      <UserTypes/>
    </Column>
    <Column name="Jobs">
      <PrimaryKey>false</PrimaryKey>
      <ForeignKey>false</ForeignKey>
      <Type>9</Type>
      <Length>10</Length>
      <Nullable>true</Nullable>
      <IDGenerator>native</IDGenerator>
      <Unique>false</Unique>
      <Index>false</Index>
      <UserTypes/>
    </Column>
  </Entity>
  <Entity name="User_permissions" PKClustered="0">
    <Column name="UserID">
      <PrimaryKey>true</PrimaryKey>
      <ForeignKey>true</ForeignKey>
      <ReferencedColumn>BusinessLogic.Accounting.User.User.ID</ReferencedColumn>
      <Type>9</Type>
      <Length>10</Length>
      <Nullable>false</Nullable>
      <IDGenerator>assigned</IDGenerator>
      <Unique>false</Unique>
      <Index>false</Index>
      <UserTypes/>
    </Column>
    <Column name="UserIndex">
      <PrimaryKey>true</PrimaryKey>
      <ForeignKey>false</ForeignKey>
      <Type>9</Type>
      <Length>10</Length>
      <Nullable>true</Nullable>
      <IDGenerator>assigned</IDGenerator>
      <Unique>false</Unique>
      <Index>false</Index>
      <UserTypes/>
    </Column>
    <Column name="Permissions">
      <PrimaryKey>false</PrimaryKey>
      <ForeignKey>false</ForeignKey>
      <Type>9</Type>
      <Length>10</Length>
      <Nullable>true</Nullable>
      <IDGenerator>native</IDGenerator>
      <Unique>false</Unique>
      <Index>false</Index>
      <UserTypes/>
    </Column>
  </Entity>
  <Entity name="Job" PKClustered="0">
    <Column name="ID">
      <PrimaryKey>true</PrimaryKey>
      <ForeignKey>false</ForeignKey>
      <Type>9</Type>
      <Length>10</Length>
      <Nullable>false</Nullable>
      <IDGenerator>native</IDGenerator>
      <Unique>false</Unique>
      <Index>false</Index>
      <UserTypes/>
    </Column>
    <Column name="UserID">
      <PrimaryKey>false</PrimaryKey>
      <ForeignKey>true</ForeignKey>
      <ReferencedColumn>BusinessLogic.Accounting.User.User.ID</ReferencedColumn>
      <Type>9</Type>
      <Length>10</Length>
      <Nullable>true</Nullable>
      <IDGenerator>native</IDGenerator>
      <Unique>false</Unique>
      <Index>false</Index>
      <UserTypes/>
    </Column>
    <Column name="Discriminator">
      <PrimaryKey>false</PrimaryKey>
      <ForeignKey>false</ForeignKey>
      <Type>27</Type>
      <Length>255</Length>
      <Nullable>false</Nullable>
      <IDGenerator>native</IDGenerator>
      <Unique>false</Unique>
      <Index>false</Index>
      <UserTypes/>
    </Column>
  </Entity>
  <Entity name="Job_permissions" PKClustered="0">
    <Column name="JobID">
      <PrimaryKey>true</PrimaryKey>
      <ForeignKey>true</ForeignKey>
      <ReferencedColumn>BusinessLogic.Accounting.Job.Job.ID</ReferencedColumn>
      <Type>9</Type>
      <Length>10</Length>
      <Nullable>false</Nullable>
      <IDGenerator>assigned</IDGenerator>
      <Unique>false</Unique>
      <Index>false</Index>
      <UserTypes/>
    </Column>
    <Column name="JobIndex">
      <PrimaryKey>true</PrimaryKey>
      <ForeignKey>false</ForeignKey>
      <Type>9</Type>
      <Length>10</Length>
      <Nullable>true</Nullable>
      <IDGenerator>assigned</IDGenerator>
      <Unique>false</Unique>
      <Index>false</Index>
      <UserTypes/>
    </Column>
    <Column name="Permissions">
      <PrimaryKey>false</PrimaryKey>
      <ForeignKey>false</ForeignKey>
      <Type>9</Type>
      <Length>10</Length>
      <Nullable>true</Nullable>
      <IDGenerator>native</IDGenerator>
      <Unique>false</Unique>
      <Index>false</Index>
      <UserTypes/>
    </Column>
  </Entity>
  <Entity name="Job_informationResources" PKClustered="0">
    <Column name="JobID">
      <PrimaryKey>true</PrimaryKey>
      <ForeignKey>true</ForeignKey>
      <ReferencedColumn>BusinessLogic.Accounting.Job.Job.ID</ReferencedColumn>
      <Type>9</Type>
      <Length>10</Length>
      <Nullable>false</Nullable>
      <IDGenerator>assigned</IDGenerator>
      <Unique>false</Unique>
      <Index>false</Index>
      <UserTypes/>
    </Column>
    <Column name="JobIndex">
      <PrimaryKey>true</PrimaryKey>
      <ForeignKey>false</ForeignKey>
      <Type>9</Type>
      <Length>10</Length>
      <Nullable>true</Nullable>
      <IDGenerator>assigned</IDGenerator>
      <Unique>false</Unique>
      <Index>false</Index>
      <UserTypes/>
    </Column>
    <Column name="InformationResources">
      <PrimaryKey>false</PrimaryKey>
      <ForeignKey>false</ForeignKey>
      <Type>9</Type>
      <Length>10</Length>
      <Nullable>true</Nullable>
      <IDGenerator>native</IDGenerator>
      <Unique>false</Unique>
      <Index>false</Index>
      <UserTypes/>
    </Column>
  </Entity>
  <Entity name="Job_notifications" PKClustered="0">
    <Column name="JobID">
      <PrimaryKey>true</PrimaryKey>
      <ForeignKey>true</ForeignKey>
      <ReferencedColumn>BusinessLogic.Accounting.Job.Job.ID</ReferencedColumn>
      <Type>9</Type>
      <Length>10</Length>
      <Nullable>false</Nullable>
      <IDGenerator>assigned</IDGenerator>
      <Unique>false</Unique>
      <Index>false</Index>
      <UserTypes/>
    </Column>
    <Column name="JobIndex">
      <PrimaryKey>true</PrimaryKey>
      <ForeignKey>false</ForeignKey>
      <Type>9</Type>
      <Length>10</Length>
      <Nullable>true</Nullable>
      <IDGenerator>assigned</IDGenerator>
      <Unique>false</Unique>
      <Index>false</Index>
      <UserTypes/>
    </Column>
    <Column name="Notifications">
      <PrimaryKey>false</PrimaryKey>
      <ForeignKey>false</ForeignKey>
      <Type>9</Type>
      <Length>10</Length>
      <Nullable>true</Nullable>
      <IDGenerator>native</IDGenerator>
      <Unique>false</Unique>
      <Index>false</Index>
      <UserTypes/>
    </Column>
  </Entity>
  <Entity name="Job_specialties" PKClustered="0">
    <Column name="JobID">
      <PrimaryKey>true</PrimaryKey>
      <ForeignKey>true</ForeignKey>
      <ReferencedColumn>BusinessLogic.Accounting.Job.Job.ID</ReferencedColumn>
      <Type>9</Type>
      <Length>10</Length>
      <Nullable>false</Nullable>
      <IDGenerator>assigned</IDGenerator>
      <Unique>false</Unique>
      <Index>false</Index>
      <UserTypes/>
    </Column>
    <Column name="JobIndex">
      <PrimaryKey>true</PrimaryKey>
      <ForeignKey>false</ForeignKey>
      <Type>9</Type>
      <Length>10</Length>
      <Nullable>true</Nullable>
      <IDGenerator>assigned</IDGenerator>
      <Unique>false</Unique>
      <Index>false</Index>
      <UserTypes/>
    </Column>
    <Column name="Specialties">
      <PrimaryKey>false</PrimaryKey>
      <ForeignKey>false</ForeignKey>
      <Type>9</Type>
      <Length>10</Length>
      <Nullable>true</Nullable>
      <IDGenerator>native</IDGenerator>
      <Unique>false</Unique>
      <Index>false</Index>
      <UserTypes/>
    </Column>
  </Entity>
  <Entity name="Specialty" PKClustered="0">
    <Column name="ID">
      <PrimaryKey>true</PrimaryKey>
      <ForeignKey>false</ForeignKey>
      <Type>9</Type>
      <Length>10</Length>
      <Nullable>false</Nullable>
      <IDGenerator>native</IDGenerator>
      <Unique>false</Unique>
      <Index>false</Index>
      <UserTypes/>
    </Column>
    <Column name="JobID2">
      <PrimaryKey>false</PrimaryKey>
      <ForeignKey>true</ForeignKey>
      <ReferencedColumn>BusinessLogic.Accounting.Job.Job.ID</ReferencedColumn>
      <Type>9</Type>
      <Length>10</Length>
      <Nullable>true</Nullable>
      <IDGenerator>native</IDGenerator>
      <Unique>false</Unique>
      <Index>false</Index>
      <UserTypes/>
    </Column>
    <Column name="JobID">
      <PrimaryKey>false</PrimaryKey>
      <ForeignKey>true</ForeignKey>
      <ReferencedColumn>BusinessLogic.Accounting.Job.Job.ID</ReferencedColumn>
      <Type>9</Type>
      <Length>10</Length>
      <Nullable>true</Nullable>
      <IDGenerator>native</IDGenerator>
      <Unique>false</Unique>
      <Index>false</Index>
      <UserTypes/>
    </Column>
    <Column name="Title">
      <PrimaryKey>false</PrimaryKey>
      <ForeignKey>false</ForeignKey>
      <Type>27</Type>
      <Length>255</Length>
      <Nullable>true</Nullable>
      <IDGenerator>native</IDGenerator>
      <Unique>false</Unique>
      <Index>false</Index>
      <UserTypes/>
    </Column>
    <Column name="ProficiencyLevel">
      <PrimaryKey>false</PrimaryKey>
      <ForeignKey>false</ForeignKey>
      <Type>9</Type>
      <Length>10</Length>
      <Nullable>false</Nullable>
      <IDGenerator>native</IDGenerator>
      <Unique>false</Unique>
      <Index>false</Index>
      <UserTypes/>
    </Column>
  </Entity>
  <Entity name="Resource" PKClustered="0">
    <Column name="ID2">
      <PrimaryKey>true</PrimaryKey>
      <ForeignKey>false</ForeignKey>
      <Type>9</Type>
      <Length>10</Length>
      <Nullable>false</Nullable>
      <IDGenerator>native</IDGenerator>
      <Unique>false</Unique>
      <Index>false</Index>
      <UserTypes/>
    </Column>
    <Column name="DateID">
      <PrimaryKey>false</PrimaryKey>
      <ForeignKey>true</ForeignKey>
      <ReferencedColumn>BusinessLogic.Utility.Date.ID</ReferencedColumn>
      <Type>9</Type>
      <Length>10</Length>
      <Nullable>true</Nullable>
      <IDGenerator>native</IDGenerator>
      <Unique>false</Unique>
      <Index>false</Index>
      <UserTypes/>
    </Column>
    <Column name="ResourceState">
      <PrimaryKey>false</PrimaryKey>
      <ForeignKey>false</ForeignKey>
      <Type>9</Type>
      <Length>10</Length>
      <Nullable>true</Nullable>
      <IDGenerator>native</IDGenerator>
      <Unique>false</Unique>
      <Index>false</Index>
      <UserTypes/>
    </Column>
    <Column name="JobID4">
      <PrimaryKey>false</PrimaryKey>
      <ForeignKey>true</ForeignKey>
      <ReferencedColumn>BusinessLogic.Accounting.Job.Job.ID</ReferencedColumn>
      <Type>9</Type>
      <Length>10</Length>
      <Nullable>true</Nullable>
      <IDGenerator>native</IDGenerator>
      <Unique>false</Unique>
      <Index>false</Index>
      <UserTypes/>
    </Column>
    <Column name="JobID3">
      <PrimaryKey>false</PrimaryKey>
      <ForeignKey>true</ForeignKey>
      <ReferencedColumn>BusinessLogic.Accounting.Job.Job.ID</ReferencedColumn>
      <Type>9</Type>
      <Length>10</Length>
      <Nullable>true</Nullable>
      <IDGenerator>native</IDGenerator>
      <Unique>false</Unique>
      <Index>false</Index>
      <UserTypes/>
    </Column>
    <Column name="ResourceID23">
      <PrimaryKey>false</PrimaryKey>
      <ForeignKey>true</ForeignKey>
      <ReferencedColumn>BusinessLogic.Distribution.Resource.Resource.ID2</ReferencedColumn>
      <Type>9</Type>
      <Length>10</Length>
      <Nullable>true</Nullable>
      <IDGenerator>native</IDGenerator>
      <Unique>false</Unique>
      <Index>false</Index>
      <UserTypes/>
    </Column>
    <Column name="ResourceID22">
      <PrimaryKey>false</PrimaryKey>
      <ForeignKey>true</ForeignKey>
      <ReferencedColumn>BusinessLogic.Distribution.Resource.Resource.ID2</ReferencedColumn>
      <Type>9</Type>
      <Length>10</Length>
      <Nullable>true</Nullable>
      <IDGenerator>native</IDGenerator>
      <Unique>false</Unique>
      <Index>false</Index>
      <UserTypes/>
    </Column>
    <Column name="ResourceID2">
      <PrimaryKey>false</PrimaryKey>
      <ForeignKey>true</ForeignKey>
      <ReferencedColumn>BusinessLogic.Distribution.Resource.Resource.ID2</ReferencedColumn>
      <Type>9</Type>
      <Length>10</Length>
      <Nullable>true</Nullable>
      <IDGenerator>native</IDGenerator>
      <Unique>false</Unique>
      <Index>false</Index>
      <UserTypes/>
    </Column>
    <Column name="JobID2">
      <PrimaryKey>false</PrimaryKey>
      <ForeignKey>true</ForeignKey>
      <ReferencedColumn>BusinessLogic.Accounting.Job.Job.ID</ReferencedColumn>
      <Type>9</Type>
      <Length>10</Length>
      <Nullable>true</Nullable>
      <IDGenerator>native</IDGenerator>
      <Unique>false</Unique>
      <Index>false</Index>
      <UserTypes/>
    </Column>
    <Column name="JobID">
      <PrimaryKey>false</PrimaryKey>
      <ForeignKey>true</ForeignKey>
      <ReferencedColumn>BusinessLogic.Accounting.Job.Job.ID</ReferencedColumn>
      <Type>9</Type>
      <Length>10</Length>
      <Nullable>true</Nullable>
      <IDGenerator>native</IDGenerator>
      <Unique>false</Unique>
      <Index>false</Index>
      <UserTypes/>
    </Column>
    <Column name="UniqueIdentifier">
      <PrimaryKey>false</PrimaryKey>
      <ForeignKey>false</ForeignKey>
      <Type>27</Type>
      <Length>255</Length>
      <Nullable>false</Nullable>
      <IDGenerator>native</IDGenerator>
      <Unique>false</Unique>
      <Index>false</Index>
      <UserTypes/>
    </Column>
    <Column name="Name2">
      <PrimaryKey>false</PrimaryKey>
      <ForeignKey>false</ForeignKey>
      <Type>27</Type>
      <Length>255</Length>
      <Nullable>true</Nullable>
      <IDGenerator>native</IDGenerator>
      <Unique>false</Unique>
      <Index>false</Index>
      <UserTypes/>
    </Column>
    <Column name="Attribute">
      <PrimaryKey>false</PrimaryKey>
      <ForeignKey>false</ForeignKey>
      <Type>9</Type>
      <Length>10</Length>
      <Nullable>true</Nullable>
      <IDGenerator>native</IDGenerator>
      <Unique>false</Unique>
      <Index>false</Index>
      <UserTypes/>
    </Column>
    <Column name="State2">
      <PrimaryKey>false</PrimaryKey>
      <ForeignKey>false</ForeignKey>
      <Type>9</Type>
      <Length>10</Length>
      <Nullable>true</Nullable>
      <IDGenerator>native</IDGenerator>
      <Unique>false</Unique>
      <Index>false</Index>
      <UserTypes/>
    </Column>
    <Column name="Name">
      <PrimaryKey>false</PrimaryKey>
      <ForeignKey>false</ForeignKey>
      <Type>27</Type>
      <Length>255</Length>
      <Nullable>true</Nullable>
      <IDGenerator>native</IDGenerator>
      <Unique>false</Unique>
      <Index>false</Index>
      <UserTypes/>
    </Column>
    <Column name="State">
      <PrimaryKey>false</PrimaryKey>
      <ForeignKey>false</ForeignKey>
      <Type>9</Type>
      <Length>10</Length>
      <Nullable>true</Nullable>
      <IDGenerator>native</IDGenerator>
      <Unique>false</Unique>
      <Index>false</Index>
      <UserTypes/>
    </Column>
    <Column name="Description">
      <PrimaryKey>false</PrimaryKey>
      <ForeignKey>false</ForeignKey>
      <Type>27</Type>
      <Length>255</Length>
      <Nullable>true</Nullable>
      <IDGenerator>native</IDGenerator>
      <Unique>false</Unique>
      <Index>false</Index>
      <UserTypes/>
    </Column>
    <Column name="StartDate">
      <PrimaryKey>false</PrimaryKey>
      <ForeignKey>false</ForeignKey>
      <Type>27</Type>
      <Length>255</Length>
      <Nullable>true</Nullable>
      <IDGenerator>native</IDGenerator>
      <Unique>false</Unique>
      <Index>false</Index>
      <UserTypes/>
    </Column>
    <Column name="EndDate">
      <PrimaryKey>false</PrimaryKey>
      <ForeignKey>false</ForeignKey>
      <Type>27</Type>
      <Length>255</Length>
      <Nullable>true</Nullable>
      <IDGenerator>native</IDGenerator>
      <Unique>false</Unique>
      <Index>false</Index>
      <UserTypes/>
    </Column>
    <Column name="LinesOfCode">
      <PrimaryKey>false</PrimaryKey>
      <ForeignKey>false</ForeignKey>
      <Type>9</Type>
      <Length>10</Length>
      <Nullable>true</Nullable>
      <IDGenerator>native</IDGenerator>
      <Unique>false</Unique>
      <Index>false</Index>
      <UserTypes/>
    </Column>
    <Column name="Technologies">
      <PrimaryKey>false</PrimaryKey>
      <ForeignKey>false</ForeignKey>
      <Type>27</Type>
      <Length>255</Length>
      <Nullable>true</Nullable>
      <IDGenerator>native</IDGenerator>
      <Unique>false</Unique>
      <Index>false</Index>
      <UserTypes/>
    </Column>
    <Column name="Budget">
      <PrimaryKey>false</PrimaryKey>
      <ForeignKey>false</ForeignKey>
      <Type>9</Type>
      <Length>10</Length>
      <Nullable>true</Nullable>
      <IDGenerator>native</IDGenerator>
      <Unique>false</Unique>
      <Index>false</Index>
      <UserTypes/>
    </Column>
    <Column name="Programming">
      <PrimaryKey>false</PrimaryKey>
      <ForeignKey>false</ForeignKey>
      <Type>9</Type>
      <Length>10</Length>
      <Nullable>true</Nullable>
      <IDGenerator>native</IDGenerator>
      <Unique>false</Unique>
      <Index>false</Index>
      <UserTypes/>
    </Column>
    <Column name="FinancialValue">
      <PrimaryKey>false</PrimaryKey>
      <ForeignKey>false</ForeignKey>
      <Type>9</Type>
      <Length>10</Length>
      <Nullable>true</Nullable>
      <IDGenerator>native</IDGenerator>
      <Unique>false</Unique>
      <Index>false</Index>
      <UserTypes/>
    </Column>
    <Column name="Specs">
      <PrimaryKey>false</PrimaryKey>
      <ForeignKey>false</ForeignKey>
      <Type>9</Type>
      <Length>10</Length>
      <Nullable>true</Nullable>
      <IDGenerator>native</IDGenerator>
      <Unique>false</Unique>
      <Index>false</Index>
      <UserTypes/>
    </Column>
    <Column name="Discriminator">
      <PrimaryKey>false</PrimaryKey>
      <ForeignKey>false</ForeignKey>
      <Type>27</Type>
      <Length>255</Length>
      <Nullable>false</Nullable>
      <IDGenerator>native</IDGenerator>
      <Unique>false</Unique>
      <Index>false</Index>
      <UserTypes/>
    </Column>
  </Entity>
  <Entity name="Resource_requirements" PKClustered="0">
    <Column name="ResourceID2">
      <PrimaryKey>true</PrimaryKey>
      <ForeignKey>true</ForeignKey>
      <ReferencedColumn>BusinessLogic.Distribution.Resource.Resource.ID2</ReferencedColumn>
      <Type>9</Type>
      <Length>10</Length>
      <Nullable>false</Nullable>
      <IDGenerator>assigned</IDGenerator>
      <Unique>false</Unique>
      <Index>false</Index>
      <UserTypes/>
    </Column>
    <Column name="ResourceIndex">
      <PrimaryKey>true</PrimaryKey>
      <ForeignKey>false</ForeignKey>
      <Type>9</Type>
      <Length>10</Length>
      <Nullable>true</Nullable>
      <IDGenerator>assigned</IDGenerator>
      <Unique>false</Unique>
      <Index>false</Index>
      <UserTypes/>
    </Column>
    <Column name="Requirements">
      <PrimaryKey>false</PrimaryKey>
      <ForeignKey>false</ForeignKey>
      <Type>9</Type>
      <Length>10</Length>
      <Nullable>true</Nullable>
      <IDGenerator>native</IDGenerator>
      <Unique>false</Unique>
      <Index>false</Index>
      <UserTypes/>
    </Column>
  </Entity>
  <Entity name="Resource_allocations" PKClustered="0">
    <Column name="ResourceID2">
      <PrimaryKey>true</PrimaryKey>
      <ForeignKey>true</ForeignKey>
      <ReferencedColumn>BusinessLogic.Distribution.Resource.Resource.ID2</ReferencedColumn>
      <Type>9</Type>
      <Length>10</Length>
      <Nullable>false</Nullable>
      <IDGenerator>assigned</IDGenerator>
      <Unique>false</Unique>
      <Index>false</Index>
      <UserTypes/>
    </Column>
    <Column name="ResourceIndex">
      <PrimaryKey>true</PrimaryKey>
      <ForeignKey>false</ForeignKey>
      <Type>9</Type>
      <Length>10</Length>
      <Nullable>true</Nullable>
      <IDGenerator>assigned</IDGenerator>
      <Unique>false</Unique>
      <Index>false</Index>
      <UserTypes/>
    </Column>
    <Column name="Allocations">
      <PrimaryKey>false</PrimaryKey>
      <ForeignKey>false</ForeignKey>
      <Type>9</Type>
      <Length>10</Length>
      <Nullable>true</Nullable>
      <IDGenerator>native</IDGenerator>
      <Unique>false</Unique>
      <Index>false</Index>
      <UserTypes/>
    </Column>
  </Entity>
  <Entity name="Resource_systems" PKClustered="0">
    <Column name="ResourceID2">
      <PrimaryKey>true</PrimaryKey>
      <ForeignKey>true</ForeignKey>
      <ReferencedColumn>BusinessLogic.Distribution.Resource.Resource.ID2</ReferencedColumn>
      <Type>9</Type>
      <Length>10</Length>
      <Nullable>false</Nullable>
      <IDGenerator>assigned</IDGenerator>
      <Unique>false</Unique>
      <Index>false</Index>
      <UserTypes/>
    </Column>
    <Column name="ResourceIndex">
      <PrimaryKey>true</PrimaryKey>
      <ForeignKey>false</ForeignKey>
      <Type>9</Type>
      <Length>10</Length>
      <Nullable>true</Nullable>
      <IDGenerator>assigned</IDGenerator>
      <Unique>false</Unique>
      <Index>false</Index>
      <UserTypes/>
    </Column>
    <Column name="Systems">
      <PrimaryKey>false</PrimaryKey>
      <ForeignKey>false</ForeignKey>
      <Type>9</Type>
      <Length>10</Length>
      <Nullable>true</Nullable>
      <IDGenerator>native</IDGenerator>
      <Unique>false</Unique>
      <Index>false</Index>
      <UserTypes/>
    </Column>
  </Entity>
  <Entity name="Requirement" PKClustered="0">
    <Column name="ID">
      <PrimaryKey>true</PrimaryKey>
      <ForeignKey>false</ForeignKey>
      <Type>9</Type>
      <Length>10</Length>
      <Nullable>false</Nullable>
      <IDGenerator>native</IDGenerator>
      <Unique>false</Unique>
      <Index>false</Index>
      <UserTypes/>
    </Column>
    <Column name="JobID">
      <PrimaryKey>false</PrimaryKey>
      <ForeignKey>true</ForeignKey>
      <ReferencedColumn>BusinessLogic.Accounting.Job.Job.ID</ReferencedColumn>
      <Type>9</Type>
      <Length>10</Length>
      <Nullable>true</Nullable>
      <IDGenerator>native</IDGenerator>
      <Unique>false</Unique>
      <Index>false</Index>
      <UserTypes/>
    </Column>
    <Column name="ResourceID2">
      <PrimaryKey>false</PrimaryKey>
      <ForeignKey>true</ForeignKey>
      <ReferencedColumn>BusinessLogic.Distribution.Resource.Resource.ID2</ReferencedColumn>
      <Type>9</Type>
      <Length>10</Length>
      <Nullable>false</Nullable>
      <IDGenerator>native</IDGenerator>
      <Unique>false</Unique>
      <Index>false</Index>
      <UserTypes/>
    </Column>
    <Column name="Allocation ID">
      <PrimaryKey>false</PrimaryKey>
      <ForeignKey>true</ForeignKey>
      <ReferencedColumn>BusinessLogic.Distribution.Allocation.ID</ReferencedColumn>
      <Type>9</Type>
      <Length>10</Length>
      <Nullable>true</Nullable>
      <IDGenerator>native</IDGenerator>
      <Unique>false</Unique>
      <Index>false</Index>
      <UserTypes/>
    </Column>
    <Column name="ResourceName">
      <PrimaryKey>false</PrimaryKey>
      <ForeignKey>false</ForeignKey>
      <Type>27</Type>
      <Length>255</Length>
      <Nullable>true</Nullable>
      <IDGenerator>native</IDGenerator>
      <Unique>false</Unique>
      <Index>false</Index>
      <UserTypes/>
    </Column>
    <Column name="ResourceType">
      <PrimaryKey>false</PrimaryKey>
      <ForeignKey>false</ForeignKey>
      <Type>27</Type>
      <Length>255</Length>
      <Nullable>true</Nullable>
      <IDGenerator>native</IDGenerator>
      <Unique>false</Unique>
      <Index>false</Index>
      <UserTypes/>
    </Column>
    <Column name="RequirementPriority">
      <PrimaryKey>false</PrimaryKey>
      <ForeignKey>false</ForeignKey>
      <Type>9</Type>
      <Length>10</Length>
      <Nullable>true</Nullable>
      <IDGenerator>native</IDGenerator>
      <Unique>false</Unique>
      <Index>false</Index>
      <UserTypes/>
    </Column>
    <Column name="RequirementPriorityID">
      <PrimaryKey>false</PrimaryKey>
      <ForeignKey>true</ForeignKey>
      <ReferencedColumn>BusinessLogic.Distribution.Allocation.ID</ReferencedColumn>
      <Type>9</Type>
      <Length>10</Length>
      <Nullable>true</Nullable>
      <IDGenerator>native</IDGenerator>
      <Unique>false</Unique>
      <Index>false</Index>
      <UserTypes/>
    </Column>
    <Column name="StartDate">
      <PrimaryKey>false</PrimaryKey>
      <ForeignKey>false</ForeignKey>
      <Type>27</Type>
      <Length>255</Length>
      <Nullable>true</Nullable>
      <IDGenerator>native</IDGenerator>
      <Unique>false</Unique>
      <Index>false</Index>
      <UserTypes/>
    </Column>
    <Column name="EndDate">
      <PrimaryKey>false</PrimaryKey>
      <ForeignKey>false</ForeignKey>
      <Type>27</Type>
      <Length>255</Length>
      <Nullable>true</Nullable>
      <IDGenerator>native</IDGenerator>
      <Unique>false</Unique>
      <Index>false</Index>
      <UserTypes/>
    </Column>
    <Column name="Quantity">
      <PrimaryKey>false</PrimaryKey>
      <ForeignKey>false</ForeignKey>
      <Type>9</Type>
      <Length>10</Length>
      <Nullable>true</Nullable>
      <IDGenerator>native</IDGenerator>
      <Unique>false</Unique>
      <Index>false</Index>
      <UserTypes/>
    </Column>
    <Column name="ProjectManager">
      <PrimaryKey>false</PrimaryKey>
      <ForeignKey>false</ForeignKey>
      <Type>9</Type>
      <Length>10</Length>
      <Nullable>true</Nullable>
      <IDGenerator>native</IDGenerator>
      <Unique>false</Unique>
      <Index>false</Index>
      <UserTypes/>
    </Column>
  </Entity>
  <Entity name="ModuleChange" PKClustered="0">
    <Column name="ID">
      <PrimaryKey>true</PrimaryKey>
      <ForeignKey>false</ForeignKey>
      <Type>9</Type>
      <Length>10</Length>
      <Nullable>false</Nullable>
      <IDGenerator>native</IDGenerator>
      <Unique>false</Unique>
      <Index>false</Index>
      <UserTypes/>
    </Column>
    <Column name="DateID">
      <PrimaryKey>false</PrimaryKey>
      <ForeignKey>true</ForeignKey>
      <ReferencedColumn>BusinessLogic.Utility.Date.ID</ReferencedColumn>
      <Type>9</Type>
      <Length>10</Length>
      <Nullable>false</Nullable>
      <IDGenerator>native</IDGenerator>
      <Unique>false</Unique>
      <Index>false</Index>
      <UserTypes/>
    </Column>
    <Column name="JobID">
      <PrimaryKey>false</PrimaryKey>
      <ForeignKey>true</ForeignKey>
      <ReferencedColumn>BusinessLogic.Accounting.Job.Job.ID</ReferencedColumn>
      <Type>9</Type>
      <Length>10</Length>
      <Nullable>false</Nullable>
      <IDGenerator>native</IDGenerator>
      <Unique>false</Unique>
      <Index>false</Index>
      <UserTypes/>
    </Column>
    <Column name="ResourceID2">
      <PrimaryKey>false</PrimaryKey>
      <ForeignKey>true</ForeignKey>
      <ReferencedColumn>BusinessLogic.Distribution.Resource.Resource.ID2</ReferencedColumn>
      <Type>9</Type>
      <Length>10</Length>
      <Nullable>false</Nullable>
      <IDGenerator>native</IDGenerator>
      <Unique>false</Unique>
      <Index>false</Index>
      <UserTypes/>
    </Column>
    <Column name="Description">
      <PrimaryKey>false</PrimaryKey>
      <ForeignKey>false</ForeignKey>
      <Type>27</Type>
      <Length>255</Length>
      <Nullable>true</Nullable>
      <IDGenerator>native</IDGenerator>
      <Unique>false</Unique>
      <Index>false</Index>
      <UserTypes/>
    </Column>
    <Column name="StartDate">
      <PrimaryKey>false</PrimaryKey>
      <ForeignKey>false</ForeignKey>
      <Type>27</Type>
      <Length>255</Length>
      <Nullable>true</Nullable>
      <IDGenerator>native</IDGenerator>
      <Unique>false</Unique>
      <Index>false</Index>
      <UserTypes/>
    </Column>
    <Column name="EndDate">
      <PrimaryKey>false</PrimaryKey>
      <ForeignKey>false</ForeignKey>
      <Type>27</Type>
      <Length>255</Length>
      <Nullable>true</Nullable>
      <IDGenerator>native</IDGenerator>
      <Unique>false</Unique>
      <Index>false</Index>
      <UserTypes/>
    </Column>
  </Entity>
  <Entity name="SystemConfiguration" PKClustered="0">
    <Column name="ID">
      <PrimaryKey>true</PrimaryKey>
      <ForeignKey>false</ForeignKey>
      <Type>9</Type>
      <Length>10</Length>
      <Nullable>false</Nullable>
      <IDGenerator>native</IDGenerator>
      <Unique>false</Unique>
      <Index>false</Index>
      <UserTypes/>
    </Column>
    <Column name="UserID">
      <PrimaryKey>false</PrimaryKey>
      <ForeignKey>true</ForeignKey>
      <ReferencedColumn>BusinessLogic.Accounting.User.User.ID</ReferencedColumn>
      <Type>9</Type>
      <Length>10</Length>
      <Nullable>false</Nullable>
      <IDGenerator>native</IDGenerator>
      <Unique>false</Unique>
      <Index>false</Index>
      <UserTypes/>
    </Column>
    <Column name="Date">
      <PrimaryKey>false</PrimaryKey>
      <ForeignKey>false</ForeignKey>
      <Type>17</Type>
      <Length>0</Length>
      <Nullable>true</Nullable>
      <IDGenerator>native</IDGenerator>
      <Unique>false</Unique>
      <Index>false</Index>
      <UserTypes/>
    </Column>
    <Column name="BackupPreiodDays">
      <PrimaryKey>false</PrimaryKey>
      <ForeignKey>false</ForeignKey>
      <Type>9</Type>
      <Length>10</Length>
      <Nullable>false</Nullable>
      <IDGenerator>native</IDGenerator>
      <Unique>false</Unique>
      <Index>false</Index>
      <UserTypes/>
    </Column>
    <Column name="BackupFormat">
      <PrimaryKey>false</PrimaryKey>
      <ForeignKey>false</ForeignKey>
      <Type>9</Type>
      <Length>10</Length>
      <Nullable>true</Nullable>
      <IDGenerator>native</IDGenerator>
      <Unique>false</Unique>
      <Index>false</Index>
      <UserTypes/>
    </Column>
  </Entity>
  <Entity name="Allocation" PKClustered="0">
    <Column name="ID">
      <PrimaryKey>true</PrimaryKey>
      <ForeignKey>false</ForeignKey>
      <Type>9</Type>
      <Length>10</Length>
      <Nullable>false</Nullable>
      <IDGenerator>native</IDGenerator>
      <Unique>false</Unique>
      <Index>false</Index>
      <UserTypes/>
    </Column>
    <Column name="JobID">
      <PrimaryKey>false</PrimaryKey>
      <ForeignKey>true</ForeignKey>
      <ReferencedColumn>BusinessLogic.Accounting.Job.Job.ID</ReferencedColumn>
      <Type>9</Type>
      <Length>10</Length>
      <Nullable>true</Nullable>
      <IDGenerator>native</IDGenerator>
      <Unique>false</Unique>
      <Index>false</Index>
      <UserTypes/>
    </Column>
    <Column name="ResourceID2">
      <PrimaryKey>false</PrimaryKey>
      <ForeignKey>true</ForeignKey>
      <ReferencedColumn>BusinessLogic.Distribution.Resource.Resource.ID2</ReferencedColumn>
      <Type>9</Type>
      <Length>10</Length>
      <Nullable>true</Nullable>
      <IDGenerator>native</IDGenerator>
      <Unique>false</Unique>
      <Index>false</Index>
      <UserTypes/>
    </Column>
    <Column name="Requirement">
      <PrimaryKey>false</PrimaryKey>
      <ForeignKey>false</ForeignKey>
      <Type>9</Type>
      <Length>10</Length>
      <Nullable>true</Nullable>
      <IDGenerator>native</IDGenerator>
      <Unique>false</Unique>
      <Index>false</Index>
      <UserTypes/>
    </Column>
    <Column name="Allocated">
      <PrimaryKey>false</PrimaryKey>
      <ForeignKey>false</ForeignKey>
      <Type>1</Type>
      <Length>0</Length>
      <Nullable>false</Nullable>
      <IDGenerator>native</IDGenerator>
      <Unique>false</Unique>
      <Index>false</Index>
      <UserTypes/>
    </Column>
  </Entity>
  <Entity name="Allocation _resources" PKClustered="0">
    <Column name="Allocation ID">
      <PrimaryKey>true</PrimaryKey>
      <ForeignKey>true</ForeignKey>
      <ReferencedColumn>BusinessLogic.Distribution.Allocation.ID</ReferencedColumn>
      <Type>9</Type>
      <Length>10</Length>
      <Nullable>false</Nullable>
      <IDGenerator>assigned</IDGenerator>
      <Unique>false</Unique>
      <Index>false</Index>
      <UserTypes/>
    </Column>
    <Column name="Allocation Index">
      <PrimaryKey>true</PrimaryKey>
      <ForeignKey>false</ForeignKey>
      <Type>9</Type>
      <Length>10</Length>
      <Nullable>true</Nullable>
      <IDGenerator>assigned</IDGenerator>
      <Unique>false</Unique>
      <Index>false</Index>
      <UserTypes/>
    </Column>
    <Column name="Resources">
      <PrimaryKey>false</PrimaryKey>
      <ForeignKey>false</ForeignKey>
      <Type>9</Type>
      <Length>10</Length>
      <Nullable>true</Nullable>
      <IDGenerator>native</IDGenerator>
      <Unique>false</Unique>
      <Index>false</Index>
      <UserTypes/>
    </Column>
  </Entity>
  <Entity name="Permission" PKClustered="0">
    <Column name="ID">
      <PrimaryKey>true</PrimaryKey>
      <ForeignKey>false</ForeignKey>
      <Type>9</Type>
      <Length>10</Length>
      <Nullable>false</Nullable>
      <IDGenerator>native</IDGenerator>
      <Unique>false</Unique>
      <Index>false</Index>
      <UserTypes/>
    </Column>
    <Column name="Title">
      <PrimaryKey>false</PrimaryKey>
      <ForeignKey>false</ForeignKey>
      <Type>27</Type>
      <Length>255</Length>
      <Nullable>true</Nullable>
      <IDGenerator>native</IDGenerator>
      <Unique>false</Unique>
      <Index>false</Index>
      <UserTypes/>
    </Column>
  </Entity>
  <Entity name="Date" PKClustered="0">
    <Column name="ID">
      <PrimaryKey>true</PrimaryKey>
      <ForeignKey>false</ForeignKey>
      <Type>9</Type>
      <Length>10</Length>
      <Nullable>false</Nullable>
      <IDGenerator>native</IDGenerator>
      <Unique>false</Unique>
      <Index>false</Index>
      <UserTypes/>
    </Column>
    <Column name="Second">
      <PrimaryKey>false</PrimaryKey>
      <ForeignKey>false</ForeignKey>
      <Type>9</Type>
      <Length>10</Length>
      <Nullable>false</Nullable>
      <IDGenerator>native</IDGenerator>
      <Unique>false</Unique>
      <Index>false</Index>
      <UserTypes/>
    </Column>
    <Column name="Minute">
      <PrimaryKey>false</PrimaryKey>
      <ForeignKey>false</ForeignKey>
      <Type>9</Type>
      <Length>10</Length>
      <Nullable>false</Nullable>
      <IDGenerator>native</IDGenerator>
      <Unique>false</Unique>
      <Index>false</Index>
      <UserTypes/>
    </Column>
    <Column name="Hour">
      <PrimaryKey>false</PrimaryKey>
      <ForeignKey>false</ForeignKey>
      <Type>9</Type>
      <Length>10</Length>
      <Nullable>false</Nullable>
      <IDGenerator>native</IDGenerator>
      <Unique>false</Unique>
      <Index>false</Index>
      <UserTypes/>
    </Column>
    <Column name="Day">
      <PrimaryKey>false</PrimaryKey>
      <ForeignKey>false</ForeignKey>
      <Type>9</Type>
      <Length>10</Length>
      <Nullable>false</Nullable>
      <IDGenerator>native</IDGenerator>
      <Unique>false</Unique>
      <Index>false</Index>
      <UserTypes/>
    </Column>
    <Column name="Month">
      <PrimaryKey>false</PrimaryKey>
      <ForeignKey>false</ForeignKey>
      <Type>9</Type>
      <Length>10</Length>
      <Nullable>false</Nullable>
      <IDGenerator>native</IDGenerator>
      <Unique>false</Unique>
      <Index>false</Index>
      <UserTypes/>
    </Column>
    <Column name="Year">
      <PrimaryKey>false</PrimaryKey>
      <ForeignKey>false</ForeignKey>
      <Type>9</Type>
      <Length>10</Length>
      <Nullable>false</Nullable>
      <IDGenerator>native</IDGenerator>
      <Unique>false</Unique>
      <Index>false</Index>
      <UserTypes/>
    </Column>
    <Column name="Attribute">
      <PrimaryKey>false</PrimaryKey>
      <ForeignKey>false</ForeignKey>
      <Type>9</Type>
      <Length>10</Length>
      <Nullable>true</Nullable>
      <IDGenerator>native</IDGenerator>
      <Unique>false</Unique>
      <Index>false</Index>
      <UserTypes/>
    </Column>
  </Entity>
  <Entity name="Notification" PKClustered="0">
    <Column name="ID">
      <PrimaryKey>true</PrimaryKey>
      <ForeignKey>false</ForeignKey>
      <Type>9</Type>
      <Length>10</Length>
      <Nullable>false</Nullable>
      <IDGenerator>native</IDGenerator>
      <Unique>false</Unique>
      <Index>false</Index>
      <UserTypes/>
    </Column>
    <Column name="JobID">
      <PrimaryKey>false</PrimaryKey>
      <ForeignKey>true</ForeignKey>
      <ReferencedColumn>BusinessLogic.Accounting.Job.Job.ID</ReferencedColumn>
      <Type>9</Type>
      <Length>10</Length>
      <Nullable>false</Nullable>
      <IDGenerator>native</IDGenerator>
      <Unique>false</Unique>
      <Index>false</Index>
      <UserTypes/>
    </Column>
    <Column name="Content">
      <PrimaryKey>false</PrimaryKey>
      <ForeignKey>false</ForeignKey>
      <Type>27</Type>
      <Length>255</Length>
      <Nullable>true</Nullable>
      <IDGenerator>native</IDGenerator>
      <Unique>false</Unique>
      <Index>false</Index>
      <UserTypes/>
    </Column>
  </Entity>
  <Entity name="RequirementPriority" PKClustered="0">
    <Column name="ID">
      <PrimaryKey>true</PrimaryKey>
      <ForeignKey>false</ForeignKey>
      <Type>9</Type>
      <Length>10</Length>
      <Nullable>false</Nullable>
      <IDGenerator>native</IDGenerator>
      <Unique>false</Unique>
      <Index>false</Index>
      <UserTypes/>
    </Column>
  </Entity>
  <Entity name="Email" PKClustered="0">
    <Column name="ID">
      <PrimaryKey>true</PrimaryKey>
      <ForeignKey>false</ForeignKey>
      <Type>9</Type>
      <Length>10</Length>
      <Nullable>false</Nullable>
      <IDGenerator>native</IDGenerator>
      <Unique>false</Unique>
      <Index>false</Index>
      <UserTypes/>
    </Column>
    <Column name="UserID">
      <PrimaryKey>false</PrimaryKey>
      <ForeignKey>true</ForeignKey>
      <ReferencedColumn>BusinessLogic.Accounting.User.User.ID</ReferencedColumn>
      <Type>9</Type>
      <Length>10</Length>
      <Nullable>false</Nullable>
      <IDGenerator>native</IDGenerator>
      <Unique>false</Unique>
      <Index>false</Index>
      <UserTypes/>
    </Column>
    <Column name="Content">
      <PrimaryKey>false</PrimaryKey>
      <ForeignKey>false</ForeignKey>
      <Type>27</Type>
      <Length>255</Length>
      <Nullable>true</Nullable>
      <IDGenerator>native</IDGenerator>
      <Unique>false</Unique>
      <Index>false</Index>
      <UserTypes/>
    </Column>
    <Column name="Address">
      <PrimaryKey>false</PrimaryKey>
      <ForeignKey>false</ForeignKey>
      <Type>27</Type>
      <Length>255</Length>
      <Nullable>true</Nullable>
      <IDGenerator>native</IDGenerator>
      <Unique>false</Unique>
      <Index>false</Index>
      <UserTypes/>
    </Column>
  </Entity>
  <Entity name="UserJob" PKClustered="0">
    <Column name="ID">
      <PrimaryKey>true</PrimaryKey>
      <ForeignKey>false</ForeignKey>
      <Type>9</Type>
      <Length>10</Length>
      <Nullable>false</Nullable>
      <IDGenerator>native</IDGenerator>
      <Unique>false</Unique>
      <Index>false</Index>
      <UserTypes/>
    </Column>
    <Column name="JobID">
      <PrimaryKey>false</PrimaryKey>
      <ForeignKey>true</ForeignKey>
      <ReferencedColumn>BusinessLogic.Accounting.Job.Job.ID</ReferencedColumn>
      <Type>9</Type>
      <Length>10</Length>
      <Nullable>true</Nullable>
      <IDGenerator>native</IDGenerator>
      <Unique>false</Unique>
      <Index>false</Index>
      <UserTypes/>
    </Column>
    <Column name="UserID">
      <PrimaryKey>false</PrimaryKey>
      <ForeignKey>true</ForeignKey>
      <ReferencedColumn>BusinessLogic.Accounting.User.User.ID</ReferencedColumn>
      <Type>9</Type>
      <Length>10</Length>
      <Nullable>true</Nullable>
      <IDGenerator>native</IDGenerator>
      <Unique>false</Unique>
      <Index>false</Index>
      <UserTypes/>
    </Column>
    <Column name="User">
      <PrimaryKey>false</PrimaryKey>
      <ForeignKey>false</ForeignKey>
      <Type>9</Type>
      <Length>10</Length>
      <Nullable>true</Nullable>
      <IDGenerator>native</IDGenerator>
      <Unique>false</Unique>
      <Index>false</Index>
      <UserTypes/>
    </Column>
    <Column name="Job">
      <PrimaryKey>false</PrimaryKey>
      <ForeignKey>false</ForeignKey>
      <Type>9</Type>
      <Length>10</Length>
      <Nullable>true</Nullable>
      <IDGenerator>native</IDGenerator>
      <Unique>false</Unique>
      <Index>false</Index>
      <UserTypes/>
    </Column>
  </Entity>
  <Entity name="UserPermission" PKClustered="0">
    <Column name="ID">
      <PrimaryKey>true</PrimaryKey>
      <ForeignKey>false</ForeignKey>
      <Type>9</Type>
      <Length>10</Length>
      <Nullable>false</Nullable>
      <IDGenerator>native</IDGenerator>
      <Unique>false</Unique>
      <Index>false</Index>
      <UserTypes/>
    </Column>
    <Column name="PermissionID">
      <PrimaryKey>false</PrimaryKey>
      <ForeignKey>true</ForeignKey>
      <ReferencedColumn>BusinessLogic.Accounting.Permission.ID</ReferencedColumn>
      <Type>9</Type>
      <Length>10</Length>
      <Nullable>true</Nullable>
      <IDGenerator>native</IDGenerator>
      <Unique>false</Unique>
      <Index>false</Index>
      <UserTypes/>
    </Column>
    <Column name="UserID">
      <PrimaryKey>false</PrimaryKey>
      <ForeignKey>true</ForeignKey>
      <ReferencedColumn>BusinessLogic.Accounting.User.User.ID</ReferencedColumn>
      <Type>9</Type>
      <Length>10</Length>
      <Nullable>true</Nullable>
      <IDGenerator>native</IDGenerator>
      <Unique>false</Unique>
      <Index>false</Index>
      <UserTypes/>
    </Column>
  </Entity>
  <Entity name="Spec" PKClustered="0">
    <Column name="ID">
      <PrimaryKey>true</PrimaryKey>
      <ForeignKey>false</ForeignKey>
      <Type>9</Type>
      <Length>10</Length>
      <Nullable>false</Nullable>
      <IDGenerator>native</IDGenerator>
      <Unique>false</Unique>
      <Index>false</Index>
      <UserTypes/>
    </Column>
    <Column name="ResourceID">
      <PrimaryKey>false</PrimaryKey>
      <ForeignKey>true</ForeignKey>
      <ReferencedColumn>BusinessLogic.Distribution.Resource.Resource</ReferencedColumn>
      <Type>9</Type>
      <Length>10</Length>
      <Nullable>true</Nullable>
      <IDGenerator>native</IDGenerator>
      <Unique>false</Unique>
      <Index>false</Index>
      <UserTypes/>
    </Column>
    <Column name="Name">
      <PrimaryKey>false</PrimaryKey>
      <ForeignKey>false</ForeignKey>
      <Type>27</Type>
      <Length>255</Length>
      <Nullable>true</Nullable>
      <IDGenerator>native</IDGenerator>
      <Unique>false</Unique>
      <Index>false</Index>
      <UserTypes/>
    </Column>
    <Column name="Value">
      <PrimaryKey>false</PrimaryKey>
      <ForeignKey>false</ForeignKey>
      <Type>27</Type>
      <Length>255</Length>
      <Nullable>true</Nullable>
      <IDGenerator>native</IDGenerator>
      <Unique>false</Unique>
      <Index>false</Index>
      <UserTypes/>
    </Column>
  </Entity>
  <Entity name="ResourceAllocation" PKClustered="0">
    <Column name="ID">
      <PrimaryKey>true</PrimaryKey>
      <ForeignKey>false</ForeignKey>
      <Type>9</Type>
      <Length>10</Length>
      <Nullable>false</Nullable>
      <IDGenerator>native</IDGenerator>
      <Unique>false</Unique>
      <Index>false</Index>
      <UserTypes/>
    </Column>
    <Column name="ResourceID2">
      <PrimaryKey>false</PrimaryKey>
      <ForeignKey>true</ForeignKey>
      <ReferencedColumn>BusinessLogic.Distribution.Resource.Resource.ID2</ReferencedColumn>
      <Type>9</Type>
      <Length>10</Length>
      <Nullable>true</Nullable>
      <IDGenerator>native</IDGenerator>
      <Unique>false</Unique>
      <Index>false</Index>
      <UserTypes/>
    </Column>
    <Column name="Allocation ID">
      <PrimaryKey>false</PrimaryKey>
      <ForeignKey>true</ForeignKey>
      <ReferencedColumn>BusinessLogic.Distribution.Allocation.ID</ReferencedColumn>
      <Type>9</Type>
      <Length>10</Length>
      <Nullable>true</Nullable>
      <IDGenerator>native</IDGenerator>
      <Unique>false</Unique>
      <Index>false</Index>
      <UserTypes/>
    </Column>
    <Column name="Resource">
      <PrimaryKey>false</PrimaryKey>
      <ForeignKey>false</ForeignKey>
      <Type>9</Type>
      <Length>10</Length>
      <Nullable>true</Nullable>
      <IDGenerator>native</IDGenerator>
      <Unique>false</Unique>
      <Index>false</Index>
      <UserTypes/>
    </Column>
    <Column name="Allocation">
      <PrimaryKey>false</PrimaryKey>
      <ForeignKey>false</ForeignKey>
      <Type>9</Type>
      <Length>10</Length>
      <Nullable>true</Nullable>
      <IDGenerator>native</IDGenerator>
      <Unique>false</Unique>
      <Index>false</Index>
      <UserTypes/>
    </Column>
  </Entity>
  <Entity name="Resource_Specialty" PKClustered="0">
    <Column name="ResourceID2">
      <PrimaryKey>true</PrimaryKey>
      <ForeignKey>true</ForeignKey>
      <ReferencedColumn>BusinessLogic.Distribution.Resource.Resource.ID2</ReferencedColumn>
      <Type>9</Type>
      <Length>10</Length>
      <Nullable>false</Nullable>
      <IDGenerator>assigned</IDGenerator>
      <Unique>false</Unique>
      <Index>false</Index>
      <UserTypes/>
    </Column>
    <Column name="SpecialtyID">
      <PrimaryKey>true</PrimaryKey>
      <ForeignKey>true</ForeignKey>
      <ReferencedColumn>BusinessLogic.Accounting.Job.Specialty.ID</ReferencedColumn>
      <Type>9</Type>
      <Length>10</Length>
      <Nullable>false</Nullable>
      <IDGenerator>assigned</IDGenerator>
      <Unique>false</Unique>
      <Index>false</Index>
      <UserTypes/>
    </Column>
  </Entity>
  <ForeignKey name="FKUser_jobs688007">
    <ReferenceTable>User_jobs</ReferenceTable>
    <ReferencedTable>User</ReferencedTable>
    <Columns>
      <Column>UserID</Column>
    </Columns>
    <RefColumns>
      <Column>ID</Column>
    </RefColumns>
  </ForeignKey>
  <ForeignKey name="FKUser_permi162680">
    <ReferenceTable>User_permissions</ReferenceTable>
    <ReferencedTable>User</ReferencedTable>
    <Columns>
      <Column>UserID</Column>
    </Columns>
    <RefColumns>
      <Column>ID</Column>
    </RefColumns>
  </ForeignKey>
  <ForeignKey name="FKJob_permis11120">
    <ReferenceTable>Job_permissions</ReferenceTable>
    <ReferencedTable>Job</ReferencedTable>
    <Columns>
      <Column>JobID</Column>
    </Columns>
    <RefColumns>
      <Column>ID</Column>
    </RefColumns>
  </ForeignKey>
  <ForeignKey name="FKJob_inform62592">
    <ReferenceTable>Job_informationResources</ReferenceTable>
    <ReferencedTable>Job</ReferencedTable>
    <Columns>
      <Column>JobID</Column>
    </Columns>
    <RefColumns>
      <Column>ID</Column>
    </RefColumns>
  </ForeignKey>
  <ForeignKey name="FKJob_notifi82851">
    <ReferenceTable>Job_notifications</ReferenceTable>
    <ReferencedTable>Job</ReferencedTable>
    <Columns>
      <Column>JobID</Column>
    </Columns>
    <RefColumns>
      <Column>ID</Column>
    </RefColumns>
  </ForeignKey>
  <ForeignKey name="FKJob_specia156557">
    <ReferenceTable>Job_specialties</ReferenceTable>
    <ReferencedTable>Job</ReferencedTable>
    <Columns>
      <Column>JobID</Column>
    </Columns>
    <RefColumns>
      <Column>ID</Column>
    </RefColumns>
  </ForeignKey>
  <ForeignKey name="FKResource_r804981">
    <ReferenceTable>Resource_requirements</ReferenceTable>
    <ReferencedTable>Resource</ReferencedTable>
    <Columns>
      <Column>ResourceID2</Column>
    </Columns>
    <RefColumns>
      <Column>ID2</Column>
    </RefColumns>
  </ForeignKey>
  <ForeignKey name="FKResource_a592548">
    <ReferenceTable>Resource_allocations</ReferenceTable>
    <ReferencedTable>Resource</ReferencedTable>
    <Columns>
      <Column>ResourceID2</Column>
    </Columns>
    <RefColumns>
      <Column>ID2</Column>
    </RefColumns>
  </ForeignKey>
  <ForeignKey name="FKResource_s517221">
    <ReferenceTable>Resource_systems</ReferenceTable>
    <ReferencedTable>Resource</ReferencedTable>
    <Columns>
      <Column>ResourceID2</Column>
    </Columns>
    <RefColumns>
      <Column>ID2</Column>
    </RefColumns>
  </ForeignKey>
  <ForeignKey name="FKAllocation100116">
    <ReferenceTable>Allocation _resources</ReferenceTable>
    <ReferencedTable>Allocation</ReferencedTable>
    <Columns>
      <Column>Allocation ID</Column>
    </Columns>
    <RefColumns>
      <Column>ID</Column>
    </RefColumns>
  </ForeignKey>
  <ForeignKey name="has">
    <ReferenceTable>Resource</ReferenceTable>
    <ReferencedTable>Job</ReferencedTable>
    <Columns>
      <Column>JobID</Column>
    </Columns>
    <RefColumns>
      <Column>ID</Column>
    </RefColumns>
  </ForeignKey>
  <ForeignKey name="adds">
    <ReferenceTable>Resource</ReferenceTable>
    <ReferencedTable>Job</ReferencedTable>
    <Columns>
      <Column>JobID2</Column>
    </Columns>
    <RefColumns>
      <Column>ID</Column>
    </RefColumns>
  </ForeignKey>
  <ForeignKey name="has2">
    <ReferenceTable>Resource</ReferenceTable>
    <ReferencedTable>Resource</ReferencedTable>
    <Columns>
      <Column>ResourceID2</Column>
    </Columns>
    <RefColumns>
      <Column>ID2</Column>
    </RefColumns>
  </ForeignKey>
  <ForeignKey name="has3">
    <ReferenceTable>Resource</ReferenceTable>
    <ReferencedTable>Resource</ReferencedTable>
    <Columns>
      <Column>ResourceID22</Column>
    </Columns>
    <RefColumns>
      <Column>ID2</Column>
    </RefColumns>
  </ForeignKey>
  <ForeignKey name="has4">
    <ReferenceTable>Resource</ReferenceTable>
    <ReferencedTable>Resource</ReferencedTable>
    <Columns>
      <Column>ResourceID23</Column>
    </Columns>
    <RefColumns>
      <Column>ID2</Column>
    </RefColumns>
  </ForeignKey>
  <ForeignKey name="needs">
    <ReferenceTable>Resource_Specialty</ReferenceTable>
    <ReferencedTable>Resource</ReferencedTable>
    <Columns>
      <Column>ResourceID2</Column>
    </Columns>
    <RefColumns>
      <Column>ID2</Column>
    </RefColumns>
  </ForeignKey>
  <ForeignKey name="needs2">
    <ReferenceTable>Resource_Specialty</ReferenceTable>
    <ReferencedTable>Specialty</ReferencedTable>
    <Columns>
      <Column>SpecialtyID</Column>
    </Columns>
    <RefColumns>
      <Column>ID</Column>
    </RefColumns>
  </ForeignKey>
  <ForeignKey name="allocated">
    <ReferenceTable>Allocation</ReferenceTable>
    <ReferencedTable>Resource</ReferencedTable>
    <Columns>
      <Column>ResourceID2</Column>
    </Columns>
    <RefColumns>
      <Column>ID2</Column>
    </RefColumns>
  </ForeignKey>
  <ForeignKey name="creates">
    <ReferenceTable>Allocation</ReferenceTable>
    <ReferencedTable>Job</ReferencedTable>
    <Columns>
      <Column>JobID</Column>
    </Columns>
    <RefColumns>
      <Column>ID</Column>
    </RefColumns>
  </ForeignKey>
  <ForeignKey name="relatedTo">
    <ReferenceTable>Requirement</ReferenceTable>
    <ReferencedTable>Allocation</ReferencedTable>
    <Columns>
      <Column>Allocation ID</Column>
    </Columns>
    <RefColumns>
      <Column>ID</Column>
    </RefColumns>
  </ForeignKey>
  <ForeignKey name="has5">
    <ReferenceTable>ModuleChange</ReferenceTable>
    <ReferencedTable>Resource</ReferencedTable>
    <Columns>
      <Column>ResourceID2</Column>
    </Columns>
    <RefColumns>
      <Column>ID2</Column>
    </RefColumns>
  </ForeignKey>
  <ForeignKey name="creates2">
    <ReferenceTable>SystemConfiguration</ReferenceTable>
    <ReferencedTable>User</ReferencedTable>
    <Columns>
      <Column>UserID</Column>
    </Columns>
    <RefColumns>
      <Column>ID</Column>
    </RefColumns>
  </ForeignKey>
  <ForeignKey name="creates3">
    <ReferenceTable>Job</ReferenceTable>
    <ReferencedTable>User</ReferencedTable>
    <Columns>
      <Column>UserID</Column>
    </Columns>
    <RefColumns>
      <Column>ID</Column>
    </RefColumns>
  </ForeignKey>
  <ForeignKey name="has6">
    <ReferenceTable>Specialty</ReferenceTable>
    <ReferencedTable>Job</ReferencedTable>
    <Columns>
      <Column>JobID</Column>
    </Columns>
    <RefColumns>
      <Column>ID</Column>
    </RefColumns>
  </ForeignKey>
  <ForeignKey name="manages">
    <ReferenceTable>Resource</ReferenceTable>
    <ReferencedTable>Job</ReferencedTable>
    <Columns>
      <Column>JobID3</Column>
    </Columns>
    <RefColumns>
      <Column>ID</Column>
    </RefColumns>
  </ForeignKey>
  <ForeignKey name="creates4">
    <ReferenceTable>Specialty</ReferenceTable>
    <ReferencedTable>Job</ReferencedTable>
    <Columns>
      <Column>JobID2</Column>
    </Columns>
    <RefColumns>
      <Column>ID</Column>
    </RefColumns>
  </ForeignKey>
  <ForeignKey name="changeState">
    <ReferenceTable>Resource</ReferenceTable>
    <ReferencedTable>Job</ReferencedTable>
    <Columns>
      <Column>JobID4</Column>
    </Columns>
    <RefColumns>
      <Column>ID</Column>
    </RefColumns>
  </ForeignKey>
  <ForeignKey name="AmGhezi">
    <ReferenceTable>Spec</ReferenceTable>
    <ReferencedTable>Resource</ReferencedTable>
    <Columns>
      <Column>ResourceID</Column>
    </Columns>
    <RefColumns>
      <Column>ID2</Column>
    </RefColumns>
  </ForeignKey>
  <ForeignKey name="AmGhezi1">
    <ReferenceTable>UserPermission</ReferenceTable>
    <ReferencedTable>User</ReferencedTable>
    <Columns>
      <Column>UserID</Column>
    </Columns>
    <RefColumns>
      <Column>ID</Column>
    </RefColumns>
  </ForeignKey>
  <ForeignKey name="AmGhezi2">
    <ReferenceTable>UserPermission</ReferenceTable>
    <ReferencedTable>Permission</ReferencedTable>
    <Columns>
      <Column>PermissionID</Column>
    </Columns>
    <RefColumns>
      <Column>ID</Column>
    </RefColumns>
  </ForeignKey>
  <ForeignKey name="creates5">
    <ReferenceTable>ModuleChange</ReferenceTable>
    <ReferencedTable>Job</ReferencedTable>
    <Columns>
      <Column>JobID</Column>
    </Columns>
    <RefColumns>
      <Column>ID</Column>
    </RefColumns>
  </ForeignKey>
  <ForeignKey name="needs3">
    <ReferenceTable>Requirement</ReferenceTable>
    <ReferencedTable>Resource</ReferencedTable>
    <Columns>
      <Column>ResourceID2</Column>
    </Columns>
    <RefColumns>
      <Column>ID2</Column>
    </RefColumns>
  </ForeignKey>
  <ForeignKey name="creates6">
    <ReferenceTable>Requirement</ReferenceTable>
    <ReferencedTable>Job</ReferencedTable>
    <Columns>
      <Column>JobID</Column>
    </Columns>
    <RefColumns>
      <Column>ID</Column>
    </RefColumns>
  </ForeignKey>
  <ForeignKey name="approves">
    <ReferenceTable>User</ReferenceTable>
    <ReferencedTable>User</ReferencedTable>
    <Columns>
      <Column>UserID</Column>
    </Columns>
    <RefColumns>
      <Column>ID</Column>
    </RefColumns>
  </ForeignKey>
  <ForeignKey name="FKRequiremen877753">
    <ReferenceTable>Requirement</ReferenceTable>
    <ReferencedTable>RequirementPriority</ReferencedTable>
    <Columns>
      <Column>RequirementPriorityID</Column>
    </Columns>
    <RefColumns>
      <Column>ID</Column>
    </RefColumns>
  </ForeignKey>
  <ForeignKey name="sends">
    <ReferenceTable>Email</ReferenceTable>
    <ReferencedTable>User</ReferencedTable>
    <Columns>
      <Column>UserID</Column>
    </Columns>
    <RefColumns>
      <Column>ID</Column>
    </RefColumns>
  </ForeignKey>
  <ForeignKey name="creates7">
    <ReferenceTable>User</ReferenceTable>
    <ReferencedTable>User</ReferencedTable>
    <Columns>
      <Column>UserID2</Column>
    </Columns>
    <RefColumns>
      <Column>ID</Column>
    </RefColumns>
  </ForeignKey>
  <ForeignKey name="FKUserJob15306">
    <ReferenceTable>UserJob</ReferenceTable>
    <ReferencedTable>User</ReferencedTable>
    <Columns>
      <Column>UserID</Column>
    </Columns>
    <RefColumns>
      <Column>ID</Column>
    </RefColumns>
  </ForeignKey>
  <ForeignKey name="FKUserJob322807">
    <ReferenceTable>UserJob</ReferenceTable>
    <ReferencedTable>Job</ReferencedTable>
    <Columns>
      <Column>JobID</Column>
    </Columns>
    <RefColumns>
      <Column>ID</Column>
    </RefColumns>
  </ForeignKey>
  <ForeignKey name="FKResourceAl209355">
    <ReferenceTable>ResourceAllocation</ReferenceTable>
    <ReferencedTable>Allocation</ReferencedTable>
    <Columns>
      <Column>Allocation ID</Column>
    </Columns>
    <RefColumns>
      <Column>ID</Column>
    </RefColumns>
  </ForeignKey>
  <ForeignKey name="FKResourceAl703895">
    <ReferenceTable>ResourceAllocation</ReferenceTable>
    <ReferencedTable>Resource</ReferencedTable>
    <Columns>
      <Column>ResourceID2</Column>
    </Columns>
    <RefColumns>
      <Column>ID2</Column>
    </RefColumns>
  </ForeignKey>
  <ForeignKey name="FKResource625189">
    <ReferenceTable>Resource</ReferenceTable>
    <ReferencedTable>Date</ReferencedTable>
    <Columns>
      <Column>DateID</Column>
    </Columns>
    <RefColumns>
      <Column>ID</Column>
    </RefColumns>
  </ForeignKey>
  <ForeignKey name="FKModuleChan171992">
    <ReferenceTable>ModuleChange</ReferenceTable>
    <ReferencedTable>Date</ReferencedTable>
    <Columns>
      <Column>DateID</Column>
    </Columns>
    <RefColumns>
      <Column>ID</Column>
    </RefColumns>
  </ForeignKey>
  <ForeignKey name="FKNotificati374970">
    <ReferenceTable>Notification</ReferenceTable>
    <ReferencedTable>Job</ReferencedTable>
    <Columns>
      <Column>JobID</Column>
    </Columns>
    <RefColumns>
      <Column>ID</Column>
    </RefColumns>
  </ForeignKey>
</Model>
