<?xml version="1.0" encoding="utf-8" ?>
<!--
Licensee: 
License Type: Evaluation
-->
<!DOCTYPE hibernate-configuration PUBLIC
        "-//Hibernate/Hibernate Configuration DTD 3.0//EN"
 "http://www.hibernate.org/dtd/hibernate-configuration-3.0.dtd">
<hibernate-configuration>
	<session-factory>
   	<!-- properties -->
		<property name="dialect">org.hibernate.dialect.SQLServerDialect</property>
		<property name="connection.driver_class">net.sourceforge.jtds.jdbc.Driver</property>
		<property name="connection.url">jdbc:jtds:sqlserver://localhost:1433/OOD</property>
		<property name="connection.username">sa</property>
		<property name="connection.password">Database123456</property>
		<property name="hibernate.connection.provider_class">org.hibernate.service.jdbc.connections.internal.C3P0ConnectionProvider</property>
		<property name="hibernate.c3p0.acquire_increment">1</property>
		<property name="hibernate.c3p0.idle_test_period">0</property>
		<property name="hibernate.c3p0.min_size">1</property>
		<property name="hibernate.c3p0.max_size">15</property>
		<property name="hibernate.c3p0.timeout">0</property>
		<property name="mssql.nocount">false</property>
		<property name="show_sql">false</property>
		<property name="query.substitutions">true 1, false 0, yes 'Y', no 'N'</property>
		<!-- mapping files -->
		<mapping resource="ormmapping/businesslogic/accounting/Permission.hbm.xml" />
		<mapping resource="ormmapping/businesslogic/accounting/job/Job.hbm.xml" />
		<mapping resource="ormmapping/businesslogic/accounting/job/Specialty.hbm.xml" />
		<mapping resource="ormmapping/businesslogic/accounting/job/UserJob.hbm.xml" />
		<mapping resource="ormmapping/businesslogic/accounting/job/UserPermission.hbm.xml" />
		<mapping resource="ormmapping/businesslogic/accounting/user/User.hbm.xml" />
		<mapping resource="ormmapping/businesslogic/distribution/Allocation_.hbm.xml" />
		<mapping resource="ormmapping/businesslogic/distribution/ResourceAllocation.hbm.xml" />
		<mapping resource="ormmapping/businesslogic/distribution/requirement/Requirement.hbm.xml" />
		<mapping resource="ormmapping/businesslogic/distribution/requirement/RequirementPriority.hbm.xml" />
		<mapping resource="ormmapping/businesslogic/distribution/resource/ModuleChange.hbm.xml" />
		<mapping resource="ormmapping/businesslogic/distribution/resource/Resource.hbm.xml" />
		<mapping resource="ormmapping/businesslogic/distribution/resource/ResourceState.hbm.xml" />
		<mapping resource="ormmapping/businesslogic/distribution/resource/Spec.hbm.xml" />
		<mapping resource="ormmapping/businesslogic/support/SystemConfiguration.hbm.xml" />
		<mapping resource="ormmapping/businesslogic/utility/Date.hbm.xml" />
		<mapping resource="ormmapping/businesslogic/utility/Notification.hbm.xml" />
		<mapping resource="ormmapping/network/Email.hbm.xml" />
	</session-factory>
</hibernate-configuration>
