<?xml version="1.0" encoding="utf-8" ?>
<!--
Licensee: 
License Type: Evaluation
-->
<!DOCTYPE hibernate-mapping PUBLIC "-//Hibernate/Hibernate Mapping DTD 3.0//EN" "http://www.hibernate.org/dtd/hibernate-mapping-3.0.dtd">
<hibernate-mapping>
	<class name="businesslogic.distribution.requirement.Requirement" table="Requirement" lazy="false">
		<id name="ID" column="ID" type="integer" unsaved-value="0">
			<generator class="native">
			</generator>
		</id>
		<property name="requirementPriority" column="RequirementPriority" type="integer" length="10" not-null="false" lazy="false"/>
		<property name="resourceName" column="ResourceName" type="string" length="255" not-null="false" lazy="false"/>
		<property name="resourceType" column="ResourceType" type="string" length="255" not-null="false" lazy="false"/>
		<property name="quantity" column="Quantity" type="integer" length="10" not-null="false" lazy="false"/>
		<property name="startDate" column="StartDate" type="string" length="255" not-null="false" lazy="false"/>
		<property name="endDate" column="EndDate" type="string" length="255" not-null="false" lazy="false"/>
	</class>
</hibernate-mapping>
